k,hit_rate,mAP
1,0.14806250441564683,0.1480625042675844
5,0.36265030603977977,0.22378259197707215
10,0.4761410676041332,0.2389965958482903
25,0.6162623696127175,0.24790453359342124
