k,hit_rate,mAP
1,0.14442478496766845,0.14442478482324367
5,0.3482443388184477,0.2175106458962646
10,0.46302124615870954,0.23271580537678113
25,0.6017512004113191,0.24164126376605022
