k,hit_rate,mAP
1,0.037298743197325394,0.037298743160026654
5,0.12085954143282003,0.06618504952915688
10,0.16804366088451142,0.07237797420521404
25,0.2599829717187167,0.07813182707584145
